Title Number,Title Name
Title 1,"
The 70 Most Famous Quotes of All Time
            
"
Title 2,"
Top 10 No-Code Development Platforms
            
"
Title 3,"
10 Body Language Mistakes to Avoid During Job Interview
            
"
Title 4,Upgrade Your Skills & Get Placed
Title 5,Is Maths required to be a Coder?
Title 6,C++ Program for GCD of more than two (or array) numbers
Title 7,Tips on How to Write a Research Paper
Title 8,Future of Web Development
Title 9,What is the future of jobs in Software Engineering industry?
Title 10,Java program to convert First Character Uppercase in a Sentence
Title 11,Mistakes to Avoid while Learning Data Science
Title 12,Web Developers vs Website Builders
Title 13,Javascript program to check if a given number is Ugly Number or not
Title 14,"
Corporate Tax: Meaning, Corporate Tax Rate, Corporate Tax Rebates
            
"
Title 15,"
Urban Health Interview Experience (On-Campus)
            
"
Title 16,"
BITS Pilani Interview Experience for PhD 2022
            
"
Title 17,"
Nagarro Interview Experience for ASE (Off-Campus) 2022
            
"
Title 18,"
Cogoport Interview Experience for SDE-1 (On-Campus)
            
"
Title 19,"
Svaya Robotics Interview Experience
            
"
Title 20,"
Direct Personal Investigation: Meaning, Suitability, Merits, Demerits and Precautions
            
"
Title 21,"
4 Steps in the process of Posting a Job
            
"
Title 22,"
Should you include irrelevant work experience on a resume?
            
"
Title 23,"
Functions of Insurance
            
"
Title 24,"
Steps in Import Procedure
            
"
Title 25,Interview Preparation Package
Title 26,Data Structures & Algorithms- Self Paced Course
Title 27,Complete Data Science Program
